{"cameraMode":{"drawMode":0,"name":"Shaded","section":"Shading Mode"},"sceneLighting":true,"audioPlay":false,"sceneViewState":{"showFog":true,"showMaterialUpdate":false,"showSkybox":true,"showFlares":true,"showImageEffects":true,"showParticleSystems":true},"in2DMode":false,"pivot":{"x":0.11112294346094132,"y":-0.15709003806114198,"z":0.0},"rotation":{"x":0.5939660668373108,"y":0.0060335309244692329,"z":-0.004454830661416054,"w":0.8044559955596924},"size":13.14155101776123,"orthographic":true}